Therapy_Class,Product_ID,DIN,Brand_Name,AI_Group_No,Treatment_Episodes,Unique_Patients,Active_Treatments,Discontinued_Treatments,NRx_Proxy,Refills,TRx_Proxy,Rx_Unique_Patients,Pharmacy_Claims,Paid_Claims,Rejected_Claims,Formulary_Matched_Claims,Plan_Paid_Amount,Patient_Paid_Amount,Formulary_Match_Rate,Paid_Claim_Rate,Competitor
Antidiabetic,PROD_11727,1913662,APO GLYBURIDE TAB 5MG,108708001,227,227,129,98,227,5043,5270,227,5270,3895,1070,4101,84819.28,21195.15,0.7781783681214421,0.7390891840607211,Apotex
Antidiabetic,PROD_62536,2239081,RIVA-METFORMIN,101773001,250,250,127,123,250,5441,5691,250,5691,4338,1003,4564,134017.78,33526.26,0.8019680196801968,0.7622561939905114,Riva
Antidiabetic,PROD_74296,2257726,TEVA-METFORMIN,101773001,242,242,139,103,242,5561,5803,242,5803,4333,1096,4616,119325.28,29853.13,0.7954506289850077,0.7466827503015682,Teva
Antihypertensive,PROD_75765,2272113,MYLAN-AMLODIPINE,131437002,506,506,290,216,506,10737,11243,506,11243,8459,2120,8979,184506.14,46084.23,0.798630258827715,0.7523792582051054,Mylan
Antihypertensive,PROD_77062,2285118,TEVA-LISINOPRIL (TYPE Z),121550003,466,466,259,207,466,10753,11219,466,11219,8859,1739,9369,141153.58,35288.63,0.8351011676620019,0.7896425706390944,Teva
Antihypertensive,PROD_79542,2309750,PMS-LOSARTAN,127971001,504,504,292,212,504,11546,12050,504,12050,9322,1964,10139,149834.63,37458.6,0.8414107883817428,0.773609958506224,Pharmascience
Cardiovascular,PROD_73770,2252767,APO-CLOPIDOGREL,134440001,169,167,101,68,169,3652,3821,167,3821,3023,584,3199,50485.49,12628.92,0.8372153886417169,0.7911541481287621,Apotex
Cardiovascular,PROD_78058,2295261,APO-ATORVASTATIN,133055001,176,176,98,78,176,4209,4385,176,4385,3664,462,3918,107677.03,26928.39,0.8935005701254276,0.83557582668187,Apotex
Cardiovascular,PROD_82362,2337975,APO-ROSUVASTATIN,148963004,181,180,114,67,181,4160,4341,180,4341,3368,698,3594,85527.97,21390.37,0.8279198341395991,0.7758580972126238,Apotex
Heart failure therapy,PROD_2333,337730,TEVA-FUROSEMIDE,101944002,51,51,30,21,51,1014,1065,51,1065,852,161,857,20892.33,5227.33,0.8046948356807512,0.8,Teva
Heart failure therapy,PROD_5646,613215,TEVA-SPIRONOLACTONE,106462001,53,53,27,26,53,956,1009,53,1009,762,199,841,11477.449999999999,2871.29,0.8334985133795837,0.755203171456888,Teva
Heart failure therapy,PROD_70034,2245914,PMS-CARVEDILOL,122683003,54,54,35,19,54,1196,1250,54,1250,941,232,968,26846.809999999998,6709.320000000001,0.7744,0.7528,Pharmascience
Antithrombotic / secondary prevention,PROD_19474,2150328,ASPIRIN REGULAR STRENGTH,101169001,59,59,17,42,59,816,875,59,875,698,129,720,22428.9,5608.92,0.8228571428571428,0.7977142857142857,Other / Unknown
Antithrombotic / secondary prevention,PROD_61080,2237726,ASPIRIN 81MG,101169013,67,67,17,50,67,1028,1095,67,1095,868,157,912,15655.87,3916.1199999999994,0.8328767123287671,0.7926940639269406,Other / Unknown
Antithrombotic / secondary prevention,PROD_66470,2242680,TARO-WARFARIN,104597002,67,67,17,50,67,944,1011,67,1011,812,137,848,14022.92,3503.6899999999996,0.8387734915924827,0.8031651829871415,Taro
Respiratory,PROD_13550,1926934,TEVA-SALBUTAMOL STERINEBS P.F.,108887007,368,366,75,293,368,5127,5495,366,5495,4219,949,4438,115833.56999999999,28958.489999999998,0.8076433121019109,0.7677888989990901,Teva
Respiratory,PROD_49895,2230648,MYLAN-BUDESONIDE AQ,116807002,395,392,101,294,395,6471,6866,392,6866,5418,1037,5827,166717.95,41692.99,0.8486746286047189,0.7891057384212059,Mylan
Respiratory,PROD_69769,2245669,APO-SALBUTAMOL HFA,108887003,384,383,83,301,384,5964,6348,383,6348,4883,1106,5028,179822.86,44943.52,0.7920604914933838,0.7692186515437933,Apotex
Analgesic / anti-inflammatory,PROD_4980,522651,APO-NAPROXEN,109634001,176,176,8,168,176,727,903,176,903,753,102,815,14217.54,3558.1400000000003,0.902547065337763,0.8338870431893688,Apotex
Analgesic / anti-inflammatory,PROD_5432,506052,APO-IBUPROFEN,108883002,183,183,8,175,183,776,959,183,959,754,145,790,12932.97,3231.3399999999997,0.8237747653806048,0.786235662148071,Apotex
Analgesic / anti-inflammatory,PROD_5917,585114,APO-IBUPROFEN TAB 600MG,108883003,167,167,3,164,167,694,861,167,861,664,144,699,14376.83,3594.2000000000003,0.8118466898954704,0.7711962833914053,Apotex
Bone health,PROD_73098,2248730,APO-ALENDRONATE,150323002,175,175,68,107,175,2672,2847,175,2847,2303,380,2463,41376.229999999996,10338.27,0.8651211801896733,0.8089216719353706,Apotex
Bone health,PROD_78367,2298376,TEVA-RISEDRONATE,135301002,192,192,82,110,192,2957,3149,192,3149,2455,508,2626,50185.75000000001,12534.22,0.8339155287392823,0.7796125754207684,Teva
Immunomodulatory / anti-inflammatory,PROD_19681,2099705,METHOTREXATE SODIUM INJECTION,107545002,24,24,10,14,24,263,287,24,287,211,67,239,15846.310000000001,3961.06,0.8327526132404182,0.735191637630662,Other / Unknown
Immunomodulatory / anti-inflammatory,PROD_44161,2170698,PMS-METHOTREXATE,107545001,21,21,6,15,21,281,302,21,302,233,59,244,19837.510000000002,4959.37,0.8079470198675497,0.7715231788079471,Pharmascience
Immunomodulatory / anti-inflammatory,PROD_74173,2256495,APO-LEFLUNOMIDE,140182001,18,18,6,12,18,307,325,18,325,288,29,291,34492.7,8623.89,0.8953846153846153,0.8861538461538462,Apotex
Disease-modifying therapy,PROD_103009,2541440,GLATIRAMER ACETATE INJECTION,132525001,19,19,11,8,19,525,544,19,544,454,64,452,111688.86,27923.37,0.8308823529411765,0.8345588235294118,Other / Unknown
Parkinson's therapy,PROD_68471,2244495,TEVA-LEVOCARBIDOPA,210315003,11,11,6,5,11,165,176,11,176,134,36,143,4191.84,1047.29,0.8125,0.7613636363636364,Teva
Parkinson's therapy,PROD_77772,2292378,APO-PRAMIPEXOLE,152169001,10,10,8,2,10,294,304,10,304,206,84,198,6993.23,1748.31,0.6513157894736842,0.6776315789473685,Apotex
Antiepileptic,PROD_75964,2274183,TEVA-LEVETIRACETAM,148843001,32,32,22,10,32,686,718,32,718,524,159,527,9765.880000000001,2444.11,0.733983286908078,0.7298050139275766,Teva
Antiepileptic,PROD_9242,782718,TEVA-CARBAMAZEPINE,108674001,34,34,20,14,34,728,762,34,762,582,131,613,18610.4,4651.13,0.8044619422572179,0.7637795275590551,Teva
Cognitive disorder therapy,PROD_80779,2322331,PMS-DONEPEZIL,131548001,24,24,16,8,24,461,485,24,485,376,77,389,8171.76,2043.8899999999999,0.8020618556701031,0.7752577319587629,Pharmascience
Cognitive disorder therapy,PROD_80653,2321130,PMS-MEMANTINE,150423001,23,23,19,4,23,307,330,23,330,278,38,290,5257.28,1315.02,0.8787878787878788,0.8424242424242424,Pharmascience
Cognitive disorder therapy,PROD_82234,2336715,APO-RIVASTIGMINE,140521001,15,15,8,7,15,393,408,15,408,304,85,310,11984.29,2996.85,0.7598039215686274,0.7450980392156863,Apotex
Antipsychotic,PROD_73690,2252007,PMS-RISPERIDONE,124332006,27,27,10,17,27,336,363,27,363,256,85,266,11450.31,2861.29,0.7327823691460055,0.7052341597796143,Pharmascience
Antipsychotic,PROD_76239,2276712,TEVA-OLANZAPINE,128783001,31,31,9,22,31,496,527,31,527,399,89,427,16254.59,4061.64,0.8102466793168881,0.7571157495256167,Teva
